"name","longitude","latitude","prov","date","key"
"Helianthus resinosus",-88.187492,32.521647,"gbif",2020-05-28,"2634503200"
"Helianthus resinosus",-89.332057,31.502569,"gbif",2019-06-22,"2273257752"
"Helianthus resinosus",-89.515144,32.099671,"gbif",2019-06-26,"2273309381"
"Helianthus resinosus",-88.199007,32.575322,"gbif",2019-07-11,"2294669646"
"Helianthus resinosus",-84.9001,30.6191,"gbif",2019-09-28,"2452330540"
"Helianthus resinosus",-85.954269,31.925713,"gbif",2018-07-16,"2273196512"
"Helianthus resinosus",-86.44783,32.641832,"gbif",2018-08-07,"2273196839"
"Helianthus resinosus",-84.33251,34.634427,"gbif",2018-09-12,"2234571101"
"Helianthus resinosus",-81.006136,35.134419,"gbif",2018-09-11,"2634368345"
"Helianthus resinosus",-81.431153,34.775877,"gbif",2017-08-30,"1849099490"
"Helianthus resinosus",-81.431153,34.775877,"gbif",2017-08-30,"1849099907"
"Helianthus resinosus",-79.065416,35.915322,"gbif",2017-09-02,"1640087919"
"Helianthus resinosus",-79.121443,35.981001,"gbif",2016-07-17,"1291135596"
"Helianthus resinosus",-87.94224,32.85517,"gbif",2016-07-05,"1563145412"
"Helianthus resinosus",-87.94224,32.85517,"gbif",2016-07-05,"1563146273"
"Helianthus resinosus",-87.94224,32.85517,"gbif",2016-07-05,"1563146650"
"Helianthus resinosus",-88.53512,32.41188,"gbif",2016-07-05,"1563149140"
"Helianthus resinosus",-87.94224,32.85517,"gbif",2016-07-05,"1563149216"
"Helianthus resinosus",-87.94224,32.85517,"gbif",2016-07-05,"1563149508"
"Helianthus resinosus",-87.94224,32.85517,"gbif",2016-07-05,"1563150993"
"Helianthus resinosus",-87.418749,32.926057,"gbif",2015-06-30,"1899880065"
"Helianthus resinosus",-87.41922,32.92523,"gbif",2015-06-19,"1899881027"
"Helianthus resinosus",-87.444,32.89059,"gbif",2015-07-03,"1899881858"
"Helianthus resinosus",-82.664722,35.441111,"gbif",2015-08-23,"1849092814"
"Helianthus resinosus",-83.13248,34.76449,"gbif",2012-08-31,"1849113299"
"Helianthus resinosus",-87.346084,31.469307,"gbif",2012-09-25,"2234439588"
"Helianthus resinosus",-30.3087,38.51677,"gbif",2010-09-14,"1849125727"
"Helianthus resinosus",-30.3087,38.51677,"gbif",2010-09-13,"1849125850"
"Helianthus resinosus",-86.51611,31.70639,"gbif",2007-06-21,"217061505"
"Helianthus resinosus",-88.05889,32.57972,"gbif",2006-09-29,"217061498"
"Helianthus resinosus",-86.67722,31.54889,"gbif",2003-08-20,"56586130"
"Helianthus resinosus",-83.2625,34.753,"gbif",2003-09-11,"1849107379"
"Helianthus resinosus",-83.2625,34.753,"gbif",2003-09-11,"1849160062"
"Helianthus resinosus",-37.389,17.433628,"gbif",2002-08-06,"1849145790"
"Helianthus resinosus",-85.22583,32.28472,"gbif",2001-08-04,"56586124"
"Helianthus resinosus",-80.7076,33.7572,"gbif",2001-10-10,"1849161150"
"Helianthus resinosus",-86.28778,32.01389,"gbif",2000-09-07,"56585935"
"Helianthus resinosus",-87.3,33.8,"gbif",1987-09-12,"56585787"
"Helianthus resinosus",-85.47,33.3,"gbif",1986-07-08,"56585559"
"Helianthus resinosus",-85.47,33.3,"gbif",1986-07-08,"56585562"
"Helianthus resinosus",-85.47,33.3,"gbif",1986-07-08,"56585564"
"Helianthus resinosus",-89.150042,31.209346,"gbif",1972-06-25,"2234438777"
"Helianthus resinosus",-90.415095,31.579056,"gbif",1972-07-01,"2234436791"
"Helianthus resinosus",-89.555902,31.883006,"gbif",1972-09-11,"2234438596"
"Helianthus resinosus",-89.477012,31.947101,"gbif",1972-09-10,"2234438650"
"Helianthus resinosus",-87.98,32.85,"gbif",1969-08-05,"56585773"
"Helianthus resinosus",-89.933727,32.010813,"gbif",1968-07-29,"2269112131"
"Helianthus resinosus",-87.84972,32.79139,"gbif",1967-06-20,"217060997"
"Helianthus resinosus",-86.86468,31.665866,"gbif",1967-06-21,"2269113365"
"Helianthus resinosus",-87.662691,32.48417,"gbif",1967-10-07,"2234438582"
"Helianthus resinosus",-89.46167,31.6854,"gbif",1966-07-08,"2234437984"
"Helianthus resinosus",-90.482818,31.540348,"gbif",1966-08-04,"2234436868"
"Helianthus resinosus",-90.403479,31.758722,"gbif",1966-08-04,"2234437694"
"Helianthus resinosus",-88.030297,32.505137,"gbif",1966-08-05,"2269113797"
"Helianthus resinosus",-89.83758,31.251844,"gbif",1965-07-09,"2234436358"
"Helianthus resinosus",-89.646196,34.423717,"gbif",1965-10-07,"2234439682"
"Helianthus resinosus",-89.014299,31.712223,"gbif",1964-06-27,"2234438641"
"Helianthus resinosus",-87.10417,32.125143,"gbif",1964-06-29,"2269113166"
"Helianthus resinosus",-86.812999,32.465353,"gbif",1961-08-13,"2234438630"
"Helianthus resinosus",-90.046183,31.740336,"gbif",1956-06-29,"2234437776"
"Helianthus resinosus",-88.667209,32.333519,"gbif",1956-07-16,"2234437474"
"Helianthus resinosus",-88.61194,32.00639,"gbif",1956-07-17,"2234438060"
"Helianthus resinosus",-88.703656,32.335285,"gbif",1955-07-23,"2234436649"
"Helianthus resinosus",-86.23,32.23,"gbif",1949-07-08,"56585574"
"Helianthus resinosus",-85.46667,32.6,"gbif",1897-06-29,"56585546"
"Helianthus resinosus",-86.13333,33.06667,"gbif",1896-07-31,"56584586"
"Helianthus resinosus",-86.13333,33.06667,"gbif",1896-07-31,"56584588"
"Helianthus resinosus",-86.13333,33.06667,"gbif",1896-07-31,"56585543"
"Helianthus resinosus",-86.83334,34.16667,"gbif",1886-08-20,"56585556"
"Helianthus resinosus",-87.51527,31.54389,"gbif",1885-07-23,"56585550"
"Helianthus resinosus",-85.78333,32.81667,"gbif",1877-07-01,"56585548"
"Helianthus resinosus",-87.68333,31.58333,"gbif",1852-01-01,"56585553"
"Helianthus resinosus",-88.885556,32.514722,"gbif",NA,"1304673671"
"Helianthus resinosus",-89.450833,31.992222,"gbif",NA,"1304673676"
"Helianthus resinosus",-82.149722,35.746111,"gbif",NA,"1304673678"
"Helianthus resinosus",-90.120556,31.231667,"gbif",NA,"1304673681"
"Helianthus resinosus",-86.840833,32.471389,"gbif",NA,"1304673682"
"Helianthus resinosus",-83.140833,34.768611,"gbif",NA,"1304673683"
"Helianthus resinosus",-88.990556,31.491667,"gbif",NA,"1304673688"
"Helianthus resinosus",-83.472222,34.868333,"gbif",NA,"1304673692"
"Helianthus resinosus",-82.577778,35.106389,"gbif",NA,"1304673695"
"Helianthus resinosus",-83.166111,35.043889,"gbif",NA,"1304673697"
"Helianthus resinosus",-90.008333,31.885556,"gbif",NA,"1304673701"
"Helianthus resinosus",-90.484722,31.594444,"gbif",NA,"1304673704"
"Helianthus resinosus",-82.533333,34.833333,"gbif",NA,"1304673706"
"Helianthus resinosus",-82.3725,35.204444,"gbif",NA,"1304673711"
"Helianthus resinosus",-89.55,31.633333,"gbif",NA,"1304673718"
"Helianthus resinosus",-89.682778,31.275278,"gbif",NA,"1304673719"
"Helianthus resinosus",-84.916667,30.7,"gbif",NA,"1304673721"
"Helianthus resinosus",-81.716389,33.794444,"gbif",NA,"1304673725"
"Helianthus resinosus",-84.85,30.733333,"gbif",NA,"1304673728"
"Helianthus resinosus",-83.176667,35.0525,"gbif",NA,"1304673732"
"Helianthus resinosus",-84.833333,30.7,"gbif",NA,"1304673736"
"Helianthus resinosus",-89.496667,32.185556,"gbif",NA,"1304673737"
"Helianthus resinosus",-90.567222,31.271944,"gbif",NA,"1304673739"
"Helianthus resinosus",-83.228889,34.613611,"gbif",NA,"1304673742"
"Helianthus resinosus",-83.0075,35.086667,"gbif",NA,"1304673745"
"Helianthus resinosus",-79.793056,35.154722,"gbif",NA,"1304673748"
"Helianthus resinosus",-79.166667,35.716667,"gbif",NA,"1304673764"
"Helianthus resinosus",-89.516667,32.033333,"gbif",NA,"1304673769"
"Helianthus resinosus",-87.0175,33.040833,"gbif",NA,"1304673770"
"Helianthus resinosus",-84.916667,30.7,"gbif",NA,"1304673775"
"Helianthus resinosus",-82.533333,34.833333,"gbif",NA,"1304673797"
"Helianthus resinosus",-82.149722,35.746111,"gbif",NA,"1304760394"
"Helianthus resinosus",-84.833333,30.7,"gbif",NA,"1304760398"
"Helianthus resinosus",-86.840833,32.471389,"gbif",NA,"1304760399"
"Helianthus resinosus",-82.3725,35.204444,"gbif",NA,"1304760408"
"Helianthus resinosus",-83.176667,35.0525,"gbif",NA,"1304760415"
"Helianthus resinosus",-84.85,30.733333,"gbif",NA,"1304760429"
"Helianthus resinosus",-82.533333,34.833333,"gbif",NA,"1304760431"
"Helianthus resinosus",-89.516667,32.033333,"gbif",NA,"1304760434"
"Helianthus resinosus",-81.716389,33.794444,"gbif",NA,"1304760437"
"Helianthus resinosus",-89.55,31.633333,"gbif",NA,"1304760445"
"Helianthus resinosus",-83.228889,34.613611,"gbif",NA,"1304760448"
"Helianthus resinosus",-84.916667,30.7,"gbif",NA,"1304760458"
"Helianthus resinosus",-82.533333,34.833333,"gbif",NA,"1304760469"
"Helianthus resinosus",-84.916667,30.7,"gbif",NA,"1304760483"
"Helianthus resinosus",-83.472222,34.868333,"gbif",NA,"1304760496"
"Helianthus resinosus",-83.140833,34.768611,"gbif",NA,"1304760513"
"Helianthus resinosus",-79.166667,35.716667,"gbif",NA,"1304760514"
"Helianthus resinosus",-88.885556,32.514722,"gbif",NA,"1304815687"
"Helianthus resinosus",-90.484722,31.594444,"gbif",NA,"1304815705"
"Helianthus resinosus",-89.450833,31.992222,"gbif",NA,"1304815712"
"Helianthus resinosus",-79.793056,35.154722,"gbif",NA,"1304815719"
"Helianthus resinosus",-83.0075,35.086667,"gbif",NA,"1304815725"
"Helianthus resinosus",-90.120556,31.231667,"gbif",NA,"1304815727"
"Helianthus resinosus",-89.682778,31.275278,"gbif",NA,"1304815740"
"Helianthus resinosus",-90.567222,31.271944,"gbif",NA,"1304815743"
"Helianthus resinosus",-87.0175,33.040833,"gbif",NA,"1304815750"
"Helianthus resinosus",-82.577778,35.106389,"gbif",NA,"1304815754"
"Helianthus resinosus",-89.496667,32.185556,"gbif",NA,"1304815756"
"Helianthus resinosus",-83.166111,35.043889,"gbif",NA,"1304815758"
"Helianthus resinosus",-90.008333,31.885556,"gbif",NA,"1304815760"
"Helianthus resinosus",-88.990556,31.491667,"gbif",NA,"1304815762"
"Helianthus resinosus",-83.174594,34.20983,"gbif",NA,"1849099770"
"Helianthus resinosus",-83.174594,34.20983,"gbif",NA,"1849102975"
"Helianthus resinosus",-82.755424,35.277328,"gbif",NA,"2273388050"
"Helianthus resinosus",-84.85,30.73333,"gbif",NA,"40899901"
"Helianthus resinosus",-84.91667,30.7,"gbif",NA,"40899902"
"Helianthus resinosus",-82.53333,34.83333,"gbif",NA,"40899906"
"Helianthus resinosus",-89.55,31.63333,"gbif",NA,"40899923"
"Helianthus resinosus",-84.83333,30.7,"gbif",NA,"40899961"
"Helianthus resinosus",-89.51667,32.03333,"gbif",NA,"40899962"
"Helianthus resinosus",-86.84083,32.47139,"gbif",NA,"91596264"
"Helianthus resinosus",-88.99056,31.49167,"gbif",NA,"91596265"
"Helianthus resinosus",-89.68278,31.27528,"gbif",NA,"91596270"
"Helianthus resinosus",-90.12056,31.23167,"gbif",NA,"91596272"
"Helianthus resinosus",-90.56722,31.27194,"gbif",NA,"91596274"
"Helianthus resinosus",-90.48472,31.59444,"gbif",NA,"91596277"
"Helianthus resinosus",-90.00833,31.88556,"gbif",NA,"91596278"
"Helianthus resinosus",-89.45083,31.99222,"gbif",NA,"91596279"
"Helianthus resinosus",-89.49667,32.18556,"gbif",NA,"91596280"
"Helianthus resinosus",-88.88556,32.51472,"gbif",NA,"91596283"
"Helianthus resinosus",-87.0175,33.04083,"gbif",NA,"91596286"
"Helianthus resinosus",-87.81863,31.68552,"bison",NA,"2063451985"
"Helianthus resinosus",-85.86205,33.267807,"bison",NA,"2063457678"
"Helianthus resinosus",-85.35305,32.604065,"bison",NA,"2069196751"
"Helianthus resinosus",-84.612785,30.57917,"bison",NA,"2069415605"
"Helianthus resinosus",-84.574165,33.93994,"bison",NA,"2069435804"
"Helianthus resinosus",-84.47506,34.244316,"bison",NA,"2069464620"
"Helianthus resinosus",-83.8185,34.31759,"bison",NA,"2069700453"
"Helianthus resinosus",-87.38326,31.580332,"bison",NA,"2068797216"
"Helianthus resinosus",-86.86927,34.131924,"bison",NA,"2068872388"
"Helianthus resinosus",-86.203835,32.20365,"bison",NA,"2068996739"
"Helianthus resinosus",-87.52286,33.290203,"bison",NA,"2068772744"
"Helianthus resinosus",-83.526405,34.63511,"bison",NA,"2069796028"
"Helianthus resinosus",-82.17836,35.75672,"bison",NA,"2070201040"
"Helianthus resinosus",-83.17459,34.20983,"bison",NA,"1849099770"
"Helianthus resinosus",-81.43115,34.77588,"bison",2017-08-30,"1849099907"
"Helianthus resinosus",-81.43115,34.77588,"bison",2017-08-30,"1849099490"
"Helianthus resinosus",-83.03715,35.08554,"bison",1977-07-01,"2069951581"
"Helianthus resinosus",-83.02887,35.08776,"bison",1977-07-03,"2069955178"
"Helianthus resinosus",-82.98744,35.06644,"bison",1978-07-21,"2069981878"
"Helianthus resinosus",-85.20876,30.789124,"bison",1977-08-13,"1457794346"
"Helianthus resinosus",NA,NA,"bison",NA,"172347804"
"Helianthus resinosus",NA,NA,"bison",NA,"172347819"
"Helianthus resinosus",NA,NA,"bison",1949-08-08,"1457771387"
"Helianthus resinosus",NA,NA,"bison",1949-08-08,"1457821495"
"Helianthus resinosus",-79.121445,35.981003,"bison",2016-07-17,"1291135596"
"Helianthus resinosus",NA,NA,"bison",1895-09-05,"1097919424"
"Helianthus resinosus",NA,NA,"bison",2012-09-06,"1456122406"
"Helianthus resinosus",NA,NA,"bison",1955-07-19,"1845614081"
"Helianthus resinosus",NA,NA,"bison",1967-07-05,"1845614103"
"Helianthus resinosus",NA,NA,"bison",1980-09-17,"1845614212"
"Helianthus resinosus",NA,NA,"bison",1888-08-01,"1845614297"
"Helianthus resinosus",NA,NA,"bison",1955-08-10,"1845614315"
"Helianthus resinosus",NA,NA,"bison",1956-06-30,"1845614462"
"Helianthus resinosus",NA,NA,"bison",1988-08-16,"1845614510"
"Helianthus resinosus",NA,NA,"bison",1987-08-30,"1845614511"
"Helianthus resinosus",NA,NA,"bison",1895-09-05,"1304633647"
"Helianthus resinosus",NA,NA,"bison",1841-09-01,"1300514065"
"Helianthus resinosus",NA,NA,"bison",1985-09-28,"1849108292"
"Helianthus resinosus",-30.3087,38.51677,"bison",2010-09-14,"1849125727"
"Helianthus resinosus",-30.3087,38.51677,"bison",2010-09-13,"1849125850"
"Helianthus resinosus",NA,NA,"bison",2005-09-15,"1849139193"
"Helianthus resinosus",-37.389,17.433628,"bison",2002-08-06,"1849145790"
"Helianthus resinosus",NA,NA,"bison",1988-08-19,"1849155820"
"Helianthus resinosus",NA,NA,"bison",1984-09-05,"1849165942"
"Helianthus resinosus",NA,NA,"bison",1987-08-30,"1849172486"
"Helianthus resinosus",NA,NA,"bison",1976-08-20,"1849172595"
"Helianthus resinosus",NA,NA,"bison",2012-09-06,"1849172954"
"Helianthus resinosus",NA,NA,"bison",1934-08-04,"1849180817"
"Helianthus resinosus",NA,NA,"bison",1988-08-19,"1849184677"
"Helianthus resinosus",NA,NA,"bison",1981-07-27,"1503199138"
"Helianthus resinosus",NA,NA,"bison",NA,"40899922"
"Helianthus resinosus",NA,NA,"bison",NA,"172347802"
"Helianthus resinosus",NA,NA,"bison",NA,"172347781"
"Helianthus resinosus",NA,NA,"bison",NA,"172347784"
"Helianthus resinosus",NA,NA,"bison",NA,"172347785"
"Helianthus resinosus",NA,NA,"bison",NA,"172347786"
"Helianthus resinosus",NA,NA,"bison",NA,"172347788"
"Helianthus resinosus",NA,NA,"bison",NA,"172347791"
"Helianthus resinosus",NA,NA,"bison",NA,"172347805"
"Helianthus resinosus",NA,NA,"bison",NA,"172347806"
"Helianthus resinosus",NA,NA,"bison",NA,"172347809"
"Helianthus resinosus",NA,NA,"bison",NA,"172347813"
"Helianthus resinosus",NA,NA,"bison",NA,"172347814"
"Helianthus resinosus",NA,NA,"bison",NA,"172347816"
"Helianthus resinosus",NA,NA,"bison",NA,"172347822"
"Helianthus resinosus",NA,NA,"bison",NA,"172347823"
"Helianthus resinosus",NA,NA,"bison",NA,"172347824"
"Helianthus resinosus",NA,NA,"bison",NA,"172347825"
"Helianthus resinosus",NA,NA,"bison",NA,"172347829"
"Helianthus resinosus",NA,NA,"bison",NA,"172347831"
"Helianthus resinosus",NA,NA,"bison",NA,"172347835"
"Helianthus resinosus",NA,NA,"bison",NA,"172347841"
"Helianthus resinosus",NA,NA,"bison",NA,"1301924290"
"Helianthus resinosus",NA,NA,"bison",NA,"1301980257"
"Helianthus resinosus",NA,NA,"bison",NA,"1301980265"
"Helianthus resinosus",NA,NA,"bison",NA,"1304673707"
"Helianthus resinosus",NA,NA,"bison",NA,"1304760357"
"Helianthus resinosus",NA,NA,"bison",NA,"1304760459"
"Helianthus resinosus",NA,NA,"bison",NA,"172347780"
"Helianthus resinosus",NA,NA,"bison",NA,"172347782"
"Helianthus resinosus",NA,NA,"bison",NA,"172347783"
"Helianthus resinosus",NA,NA,"bison",NA,"172347787"
"Helianthus resinosus",NA,NA,"bison",NA,"172347789"
"Helianthus resinosus",NA,NA,"bison",NA,"172347792"
"Helianthus resinosus",NA,NA,"bison",NA,"172347793"
"Helianthus resinosus",NA,NA,"bison",NA,"172347794"
"Helianthus resinosus",NA,NA,"bison",NA,"172347799"
"Helianthus resinosus",NA,NA,"bison",NA,"172347800"
"Helianthus resinosus",NA,NA,"bison",NA,"172347807"
"Helianthus resinosus",NA,NA,"bison",NA,"172347818"
"Helianthus resinosus",NA,NA,"bison",NA,"172347838"
"Helianthus resinosus",NA,NA,"bison",NA,"172347803"
"Helianthus resinosus",NA,NA,"bison",NA,"1304673679"
"Helianthus resinosus",NA,NA,"bison",NA,"172347790"
"Helianthus resinosus",NA,NA,"bison",NA,"172347795"
"Helianthus resinosus",NA,NA,"bison",NA,"172347815"
"Helianthus resinosus",NA,NA,"bison",NA,"172347817"
"Helianthus resinosus",NA,NA,"bison",NA,"172347827"
"Helianthus resinosus",NA,NA,"bison",NA,"172347832"
"Helianthus resinosus",NA,NA,"bison",NA,"172347836"
"Helianthus resinosus",NA,NA,"bison",NA,"172347842"
"Helianthus resinosus",NA,NA,"bison",NA,"40899892"
"Helianthus resinosus",NA,NA,"bison",NA,"40899905"
"Helianthus resinosus",NA,NA,"bison",NA,"40899963"
"Helianthus resinosus",NA,NA,"bison",NA,"172347833"
"Helianthus resinosus",NA,NA,"bison",NA,"121143467"
"Helianthus resinosus",-86.96439,32.77147,"bison",2000-08-30,"2068861626"
"Helianthus resinosus",-86.96439,32.77147,"bison",2000-08-30,"2068861620"
"Helianthus resinosus",-83.02809,35.06487,"bison",1977-07-06,"2069955432"
"Helianthus resinosus",-83,35,"bison",1978-07-25,"2069968448"
"Helianthus resinosus",-83,35.1,"bison",1977-07-04,"2069970759"
"Helianthus resinosus",-79.03204,35.896214,"bison",1992-07-01,"2071357253"
"Helianthus resinosus",-82.81617,35.363064,"bison",1993-06-14,"2070030589"
"Helianthus resinosus",-79,35.9,"bison",1992-07-01,"2071399029"
"Helianthus resinosus",-83.2625,34.753,"bison",2003-09-11,"1849160062"
"Helianthus resinosus",-86.13333,33.06667,"bison",1896-07-31,"56584586"
"Helianthus resinosus",-86.13333,33.06667,"bison",1896-07-31,"56584588"
"Helianthus resinosus",-86.13333,33.06667,"bison",1896-07-31,"56585543"
"Helianthus resinosus",-85.46667,32.6,"bison",1897-06-29,"56585546"
"Helianthus resinosus",-85.78333,32.81667,"bison",1877-07-01,"56585548"
"Helianthus resinosus",-87.51527,31.54389,"bison",1885-07-23,"56585550"
"Helianthus resinosus",-86.83334,34.16667,"bison",1886-08-20,"56585556"
"Helianthus resinosus",-85.47,33.3,"bison",1986-07-08,"56585559"
"Helianthus resinosus",-85.47,33.3,"bison",1986-07-08,"56585562"
"Helianthus resinosus",-85.47,33.3,"bison",1986-07-08,"56585564"
"Helianthus resinosus",-86.23,32.23,"bison",1949-07-08,"56585574"
"Helianthus resinosus",-87.98,32.85,"bison",1969-08-05,"56585773"
"Helianthus resinosus",-87.3,33.8,"bison",1987-09-12,"56585787"
"Helianthus resinosus",-86.28778,32.01389,"bison",2000-09-07,"56585935"
"Helianthus resinosus",-85.22583,32.28472,"bison",2001-08-04,"56586124"
"Helianthus resinosus",-86.67722,31.54889,"bison",2003-08-20,"56586130"
"Helianthus resinosus",-80.7076,33.7572,"bison",2001-10-10,"1849161150"
"Helianthus resinosus",-83.2625,34.753,"bison",2003-09-11,"1849107379"
"Helianthus resinosus",-83.13248,34.76449,"bison",2012-08-31,"1849113299"
"Helianthus resinosus",-82.66472,35.441113,"bison",2015-08-23,"1849092814"
"Helianthus resinosus",-83.17459,34.20983,"bison",NA,"1849102975"
"Helianthus resinosus",-87.94224,32.85517,"bison",2016-07-05,"1563150993"
"Helianthus resinosus",-88.53512,32.41188,"bison",2016-07-05,"1563149140"
"Helianthus resinosus",-87.94224,32.85517,"bison",2016-07-05,"1563149216"
"Helianthus resinosus",-87.94224,32.85517,"bison",2016-07-05,"1563149508"
"Helianthus resinosus",-87.94224,32.85517,"bison",2016-07-05,"1563145412"
"Helianthus resinosus",-87.94224,32.85517,"bison",2016-07-05,"1563146273"
"Helianthus resinosus",-87.94224,32.85517,"bison",2016-07-05,"1563146650"
"Helianthus resinosus",-85.20876,30.789124,"bison",1958-09-09,"1302626533"
"Helianthus resinosus",-87.302216,31.990372,"bison",1968-08-21,"1302626557"
"Helianthus resinosus",-85.20876,30.789124,"bison",1960-07-29,"1302626582"
"Helianthus resinosus",-85.20876,30.789124,"bison",1972-08-02,"1302626629"
"Helianthus resinosus",-82.816696,35.210094,"bison",1984-08-30,"1302626603"
"Helianthus resinosus",-84.612785,30.57917,"bison",1956-09-13,"1302626656"
"Helianthus resinosus",-85.20876,30.789124,"bison",1992-09-10,"1302626680"
"Helianthus resinosus",-85.20876,30.789124,"bison",2005-07-27,"1302626705"
"Helianthus resinosus",-85.20876,30.789124,"bison",1958-09-09,"1302626729"
"Helianthus resinosus",-78.96547,36.386387,"bison",1957-09-27,"1302626750"
"Helianthus resinosus",-85.20876,30.789124,"bison",1958-09-09,"1302626774"
"Helianthus resinosus",-79.67794,34.601807,"bison",1956-08-10,"1302626790"
"Helianthus resinosus",-85.20876,30.789124,"bison",1958-09-09,"1302626820"
"Helianthus resinosus",-88.62563,32.750137,"bison",1977-06-18,"1302626845"
"Helianthus resinosus",-85.20876,30.789124,"bison",1983-08-09,"1302626869"
"Helianthus resinosus",-87.52286,33.290203,"bison",1990-08-23,"1302627147"
"Helianthus resinosus",-85.20876,30.789124,"bison",1983-08-09,"1302627173"
"Helianthus resinosus",-85.20876,30.789124,"bison",1958-09-09,"1302627194"
"Helianthus resinosus",-85.20876,30.789124,"bison",NA,"1302627219"
"Helianthus resinosus",-85.20876,30.789124,"bison",2005-07-27,"1302627237"
"Helianthus resinosus",-87.38326,31.580332,"bison",1968-08-21,"1302627262"
"Helianthus resinosus",-85.20876,30.789124,"bison",1958-09-09,"1302627289"
"Helianthus resinosus",-89.5489,31.633331,"bison",1955-07-30,"1302627314"
"Helianthus resinosus",-85.20876,30.789124,"bison",1958-09-09,"1302627345"
"Helianthus resinosus",-88.68597,32.048447,"bison",1978-10-14,"1302627374"
"Helianthus resinosus",-85.20876,30.789124,"bison",1960-07-29,"1302627410"
"Helianthus resinosus",-82.816696,35.210094,"bison",1984-08-30,"1302627435"
"Helianthus resinosus",-85.20876,30.789124,"bison",1992-09-10,"1302627454"
"Helianthus resinosus",-85.20876,30.789124,"bison",1958-09-09,"1302627480"
"Helianthus resinosus",-85.20876,30.789124,"bison",NA,"1302627502"
"Helianthus resinosus",-83.4219,35.152958,"bison",1910-08-24,"1302627527"
"Helianthus resinosus",-85.20876,30.789124,"bison",1955-08-29,"1302627544"
"Helianthus resinosus",-82.816696,35.210094,"bison",1960-08-10,"1302627575"
"Helianthus resinosus",-86.84083,32.47139,"bison",NA,"91596264"
"Helianthus resinosus",-88.99056,31.49167,"bison",NA,"91596265"
"Helianthus resinosus",-89.68278,31.27528,"bison",NA,"91596270"
"Helianthus resinosus",-90.12056,31.23167,"bison",NA,"91596272"
"Helianthus resinosus",-90.56722,31.27194,"bison",NA,"91596274"
"Helianthus resinosus",-90.48472,31.59444,"bison",NA,"91596277"
"Helianthus resinosus",-90.00833,31.88556,"bison",NA,"91596278"
"Helianthus resinosus",-89.45083,31.99222,"bison",NA,"91596279"
"Helianthus resinosus",-89.49667,32.18556,"bison",NA,"91596280"
"Helianthus resinosus",-88.88556,32.51472,"bison",NA,"91596283"
"Helianthus resinosus",-87.0175,33.04083,"bison",NA,"91596286"
"Helianthus resinosus",NA,NA,"bison",NA,"172347801"
"Helianthus resinosus",NA,NA,"bison",NA,"172347828"
"Helianthus resinosus",NA,NA,"bison",NA,"172347834"
"Helianthus resinosus",NA,NA,"bison",NA,"172347837"
"Helianthus resinosus",-87.29382,32.639004,"bison",1972-07-29,"1300518644"
"Helianthus resinosus",-87.52286,33.290203,"bison",1990-08-23,"1300518428"
"Helianthus resinosus",-87.68333,31.58333,"bison",1852-01-01,"56585553"
"Helianthus resinosus",-84.577896,30.87809,"bison",1979-09-25,"1457770696"
"Helianthus resinosus",-84.577896,30.87809,"bison",1979-09-25,"1457754879"
"Helianthus resinosus",-88.19756,31.405218,"bison",1969-09-21,"1457747346"
"Helianthus resinosus",-84.577896,30.87809,"bison",1979-09-25,"1457773117"
"Helianthus resinosus",-85.20876,30.789124,"bison",1949-09-16,"1457763193"
"Helianthus resinosus",-84.577896,30.87809,"bison",1979-09-25,"1457781665"
"Helianthus resinosus",-85.20876,30.789124,"bison",1977-08-13,"1457777149"
"Helianthus resinosus",-82.04803,35.68223,"bison",1956-09-01,"1457819864"
"Helianthus resinosus",-84.577896,30.87809,"bison",1979-09-25,"1457823088"
"Helianthus resinosus",-88.19756,31.405218,"bison",1969-09-21,"1457825512"
"Helianthus resinosus",-84.577896,30.87809,"bison",1979-09-25,"1457825658"
"Helianthus resinosus",-88.68597,32.048447,"bison",1956-07-17,"1457812065"
"Helianthus resinosus",-83.4219,35.152958,"bison",1897-08-01,"1457816787"
"Helianthus resinosus",-84.577896,30.87809,"bison",1979-09-25,"1457800038"
"Helianthus resinosus",-84.577896,30.87809,"bison",1979-09-25,"1457789683"
"Helianthus resinosus",NA,NA,"bison",NA,"172347797"
"Helianthus resinosus",NA,NA,"bison",NA,"172347798"
"Helianthus resinosus",NA,NA,"bison",NA,"172347808"
"Helianthus resinosus",NA,NA,"bison",NA,"172347810"
"Helianthus resinosus",NA,NA,"bison",NA,"172347811"
"Helianthus resinosus",NA,NA,"bison",NA,"172347812"
"Helianthus resinosus",NA,NA,"bison",NA,"172347820"
"Helianthus resinosus",NA,NA,"bison",NA,"172347821"
"Helianthus resinosus",NA,NA,"bison",NA,"172347826"
"Helianthus resinosus",NA,NA,"bison",NA,"172347830"
"Helianthus resinosus",NA,NA,"bison",NA,"172347839"
"Helianthus resinosus",-79.065414,35.91532,"bison",2017-09-02,"1640087919"
"Helianthus resinosus",-89.55,31.63333,"bison",NA,"40899923"
"Helianthus resinosus",-84.83333,30.7,"bison",NA,"40899961"
"Helianthus resinosus",-88.88556,32.51472,"bison",NA,"1304673671"
"Helianthus resinosus",-89.450836,31.992222,"bison",NA,"1304673676"
"Helianthus resinosus",-82.14972,35.746113,"bison",NA,"1304673678"
"Helianthus resinosus",-90.12056,31.231667,"bison",NA,"1304673681"
"Helianthus resinosus",-86.840836,32.47139,"bison",NA,"1304673682"
"Helianthus resinosus",-83.14083,34.768612,"bison",NA,"1304673683"
"Helianthus resinosus",-88.990555,31.491667,"bison",NA,"1304673688"
"Helianthus resinosus",-83.47222,34.868332,"bison",NA,"1304673692"
"Helianthus resinosus",-82.57778,35.106388,"bison",NA,"1304673695"
"Helianthus resinosus",-83.166115,35.043888,"bison",NA,"1304673697"
"Helianthus resinosus",-90.00833,31.885555,"bison",NA,"1304673701"
"Helianthus resinosus",-90.48472,31.594444,"bison",NA,"1304673704"
"Helianthus resinosus",-82.53333,34.833332,"bison",NA,"1304673706"
"Helianthus resinosus",-82.3725,35.204445,"bison",NA,"1304673711"
"Helianthus resinosus",-89.55,31.633333,"bison",NA,"1304673718"
"Helianthus resinosus",-89.68278,31.275278,"bison",NA,"1304673719"
"Helianthus resinosus",-84.916664,30.7,"bison",NA,"1304673721"
"Helianthus resinosus",-81.71639,33.794445,"bison",NA,"1304673725"
"Helianthus resinosus",-84.85,30.733334,"bison",NA,"1304673728"
"Helianthus resinosus",-83.17667,35.0525,"bison",NA,"1304673732"
"Helianthus resinosus",-84.833336,30.7,"bison",NA,"1304673736"
"Helianthus resinosus",-89.496666,32.185555,"bison",NA,"1304673737"
"Helianthus resinosus",-90.56722,31.271944,"bison",NA,"1304673739"
"Helianthus resinosus",-83.22889,34.61361,"bison",NA,"1304673742"
"Helianthus resinosus",-83.0075,35.086666,"bison",NA,"1304673745"
"Helianthus resinosus",-79.79305,35.15472,"bison",NA,"1304673748"
"Helianthus resinosus",-79.166664,35.716667,"bison",NA,"1304673764"
"Helianthus resinosus",-89.51667,32.033333,"bison",NA,"1304673769"
"Helianthus resinosus",-87.0175,33.040833,"bison",NA,"1304673770"
"Helianthus resinosus",-84.916664,30.7,"bison",NA,"1304673775"
"Helianthus resinosus",-82.53333,34.833332,"bison",NA,"1304673797"
"Helianthus resinosus",-82.14972,35.746113,"bison",NA,"1304760394"
"Helianthus resinosus",-84.833336,30.7,"bison",NA,"1304760398"
"Helianthus resinosus",-86.840836,32.47139,"bison",NA,"1304760399"
"Helianthus resinosus",-82.3725,35.204445,"bison",NA,"1304760408"
"Helianthus resinosus",-83.17667,35.0525,"bison",NA,"1304760415"
"Helianthus resinosus",-84.85,30.733334,"bison",NA,"1304760429"
"Helianthus resinosus",-82.53333,34.833332,"bison",NA,"1304760431"
"Helianthus resinosus",-89.51667,32.033333,"bison",NA,"1304760434"
"Helianthus resinosus",-81.71639,33.794445,"bison",NA,"1304760437"
"Helianthus resinosus",-89.55,31.633333,"bison",NA,"1304760445"
"Helianthus resinosus",-83.22889,34.61361,"bison",NA,"1304760448"
"Helianthus resinosus",-84.916664,30.7,"bison",NA,"1304760458"
"Helianthus resinosus",-82.53333,34.833332,"bison",NA,"1304760469"
"Helianthus resinosus",-84.916664,30.7,"bison",NA,"1304760483"
"Helianthus resinosus",-83.47222,34.868332,"bison",NA,"1304760496"
"Helianthus resinosus",-83.14083,34.768612,"bison",NA,"1304760513"
"Helianthus resinosus",-79.166664,35.716667,"bison",NA,"1304760514"
"Helianthus resinosus",-88.88556,32.51472,"bison",NA,"1304815687"
"Helianthus resinosus",-90.48472,31.594444,"bison",NA,"1304815705"
"Helianthus resinosus",-89.450836,31.992222,"bison",NA,"1304815712"
"Helianthus resinosus",-79.79305,35.15472,"bison",NA,"1304815719"
"Helianthus resinosus",-83.0075,35.086666,"bison",NA,"1304815725"
"Helianthus resinosus",-90.12056,31.231667,"bison",NA,"1304815727"
"Helianthus resinosus",-89.68278,31.275278,"bison",NA,"1304815740"
"Helianthus resinosus",-90.56722,31.271944,"bison",NA,"1304815743"
"Helianthus resinosus",-87.0175,33.040833,"bison",NA,"1304815750"
"Helianthus resinosus",-82.57778,35.106388,"bison",NA,"1304815754"
"Helianthus resinosus",-89.496666,32.185555,"bison",NA,"1304815756"
"Helianthus resinosus",-83.166115,35.043888,"bison",NA,"1304815758"
"Helianthus resinosus",-90.00833,31.885555,"bison",NA,"1304815760"
"Helianthus resinosus",-88.990555,31.491667,"bison",NA,"1304815762"
"Helianthus resinosus",-77.644844,36.25144,"bison",NA,"172386365"
"Helianthus resinosus",-90.79554,31.203934,"bison",1998-08-14,"1260881526"
"Helianthus resinosus",-81.13198,28.690079,"bison",NA,"1269693344"
"Helianthus resinosus",-84.85,30.73333,"bison",NA,"40899901"
"Helianthus resinosus",-84.91667,30.7,"bison",NA,"40899902"
"Helianthus resinosus",-82.53333,34.83333,"bison",NA,"40899906"
"Helianthus resinosus",-89.51667,32.03333,"bison",NA,"40899962"
"Helianthus resinosus",-87.84972,32.79139,"bison",1967-06-20,"217060997"
"Helianthus resinosus",-88.05889,32.57972,"bison",2006-09-29,"217061498"
"Helianthus resinosus",-86.51611,31.70639,"bison",2007-06-21,"217061505"
"Helianthus resinosus",-85.20876,30.789124,"bison",NA,"2069240589"
"Helianthus resinosus",-84.90672,31.32419,"bison",NA,"2069329315"
"Helianthus resinosus",-83.40473,34.883026,"bison",NA,"2069845944"
"Helianthus resinosus",NA,NA,"bison",NA,"172347796"
"Helianthus resinosus",NA,NA,"bison",NA,"172347840"
"Helianthus resinosus",-85.79955,32.86337,"bison",NA,"2069095326"
"Helianthus resinosus",-85.34529,34.47418,"bison",NA,"2069198419"
"Helianthus resinosus",-84.75231,31.762651,"bison",NA,"2069372473"
"Helianthus resinosus",-84.17329,34.44284,"bison",NA,"2069560842"
"Helianthus resinosus",-83.743416,34.643776,"bison",NA,"2069728617"
"Helianthus resinosus",-82.448296,33.792152,"bison",NA,"2070125852"
"Helianthus resinosus",-82.842094,34.115005,"bison",NA,"2070024244"
"Helianthus resinosus",-87.9642,32.844498,"bison",NA,"2068681126"
"Helianthus resinosus",-87.62306,32.752796,"bison",NA,"2068755701"
"Helianthus resinosus",-86.17661,30.63121,"bison",NA,"2069005601"
"Helianthus resinosus",-85.2158868227,30.7958063705,"idigbio",1958-09-09,"024935d2-ab51-4706-86e4-5bfc8a30c269"
"Helianthus resinosus",-87.5248092004,33.2898793587,"idigbio",1990-08-23,"0432d258-f7a4-4b6f-a9fa-563fef7c1100"
"Helianthus resinosus",-86.144083,32.063833,"idigbio",2011-06-19,"047479fb-6194-4d0f-a675-5766ad9663b5"
"Helianthus resinosus",-84.95134891,30.87566876,"idigbio",1992-09-10,"0744e92a-2e67-4567-a7e1-83f3cb290e80"
"Helianthus resinosus",-85.2158868227,30.7958063705,"idigbio",1958-09-09,"0b5a2aed-a0c6-4a58-8021-df050e378813"
"Helianthus resinosus",-85.2158868227,30.7958063705,"idigbio",1958-09-09,"0f8fd3e9-e275-48a9-ab9e-0f2ba3417163"
"Helianthus resinosus",-83.4217683586,35.1513999671,"idigbio",1910-08-24,"117ea444-e8fb-4d64-abba-2b412c65746a"
"Helianthus resinosus",-87.94224,32.85517,"idigbio",2016-07-05,"16a95370-21fa-4ffd-b133-43acd2545ae5"
"Helianthus resinosus",-87.418749,32.926057,"idigbio",2015-06-30,"19f85069-bea4-4819-86cf-d6416eb3becb"
"Helianthus resinosus",-81.431153,34.775877,"idigbio",2017-08-30,"1b4a0f0b-2bc2-4c4a-97cd-65ad37a11216"
"Helianthus resinosus",-85.25385631,30.8200508,"idigbio",2005-07-27,"1b84a6f3-7667-4da9-bf0a-507267da48e6"
"Helianthus resinosus",-82.755424,35.277328,"idigbio",NA,"1d5ceedf-cb72-4253-b716-592d6ba23f4c"
"Helianthus resinosus",-82.798188547,35.2024582208,"idigbio",1984-08-30,"1dbbaa29-fbf1-4c46-9b37-894757de218d"
"Helianthus resinosus",-87.94224,32.85517,"idigbio",2016-07-05,"226c63f5-42a3-4813-b413-69bd3bd9ff53"
"Helianthus resinosus",-83.1745942,34.2098303,"idigbio",NA,"24eba6ff-1045-42de-a4d8-c4fce41729f3"
"Helianthus resinosus",-85.2158868227,30.7958063705,"idigbio",1958-09-09,"25a36164-160e-47b0-8c74-8474fbdfb16a"
"Helianthus resinosus",-86.9622222,31.8133333,"idigbio",NA,"2d9662d9-ce68-4bb8-aefd-bbde6eb3bc59"
"Helianthus resinosus",-84.33251,34.634427,"idigbio",2018-09-12,"393dfb82-5a31-4b6d-86c7-20102b45d6c1"
"Helianthus resinosus",-86.808911,31.553433,"idigbio",2011-09-23,"40bb14cc-911b-4a87-94ad-c88a4567512c"
"Helianthus resinosus",-86.6499041409,32.1549281966,"idigbio",2004-08-22,"411ab164-e30c-4898-ae46-173f8006b621"
"Helianthus resinosus",-85.2158868227,30.7958063705,"idigbio",NA,"41594510-5f54-48e2-a60c-06b782eea3c4"
"Helianthus resinosus",-88.6882930749,32.040606044,"idigbio",1978-10-14,"425c31dd-223e-4833-9a38-ebe2772d0e8d"
"Helianthus resinosus",-85.2158868227,30.7958063705,"idigbio",1958-09-09,"438f3369-5081-4bac-a6de-8a961ab1e985"
"Helianthus resinosus",-85.21409,30.80878,"idigbio",2012-09-21,"48c3918d-8a13-403e-a698-e651acccd7be"
"Helianthus resinosus",-85.2158868227,30.7958063705,"idigbio",NA,"48f4b5e1-d97c-498f-8466-30ee31a7bb47"
"Helianthus resinosus",-84.95134891,30.87566876,"idigbio",1992-09-10,"499d68c5-ed9c-45e4-8437-a4a1e02ae11d"
"Helianthus resinosus",-86.6772222,31.5488889,"idigbio",NA,"5443c564-51eb-4b14-919d-42b7313ed75e"
"Helianthus resinosus",-87.3654731056,31.5711636839,"idigbio",1968-08-21,"57f513e8-5b08-4c4e-ac0e-7a14ccd14037"
"Helianthus resinosus",-83.13248,34.76449,"idigbio",2012-08-31,"583c1a10-6bd3-4fa1-8bc9-4d3a4b7c93c5"
"Helianthus resinosus",-85.2158868227,30.7958063705,"idigbio",1983-08-09,"5b003a0a-affe-446d-a471-12be5e16ad45"
"Helianthus resinosus",-85.25385631,30.8200508,"idigbio",2005-07-27,"70aa09ff-ce3d-42af-9632-28de8bee4044"
"Helianthus resinosus",-87.94224,32.85517,"idigbio",2016-07-05,"7444fd63-fe66-4f45-8960-611d426ff171"
"Helianthus resinosus",-85.2158868227,30.7958063705,"idigbio",1960-07-29,"7827f2dd-0f06-4155-8fa1-d367431ebe3b"
"Helianthus resinosus",-87.94224,32.85517,"idigbio",2016-07-05,"7af9bf06-a142-429f-af94-a897f8988f6e"
"Helianthus resinosus",-83.2625,34.753,"idigbio",2003-09-11,"7fb42699-15e9-422b-a458-3afeb00077c4"
"Helianthus resinosus",-88.644068,31.699757,"idigbio",2013-09-22,"820544dc-5263-4a0c-87a6-26a985bc98f0"
"Helianthus resinosus",-84.127262,33.81952,"idigbio",1996-10-01,"82a3b10b-1711-4192-aac7-f64f7e4e00c5"
"Helianthus resinosus",-83.2625,34.753,"idigbio",2003-09-11,"84c23387-679a-4477-bc4c-0e2bac206244"
"Helianthus resinosus",-83.1745942,34.2098303,"idigbio",NA,"853adaeb-c457-4819-b05a-04a4963b6d93"
"Helianthus resinosus",-88.644068,31.699757,"idigbio",2013-09-22,"85d6177a-29ba-42a0-981f-68ab2ab84cb2"
"Helianthus resinosus",-79.6789769308,34.6023023106,"idigbio",1956-08-10,"8ab49fa2-e1ca-47d5-8f3b-60579f9259d3"
"Helianthus resinosus",-78.9739225178,36.3911941266,"idigbio",1957-09-27,"8fb8946a-5e3e-4c88-8a8f-f6ac9f8d6179"
"Helianthus resinosus",-30.3087,38.51677,"idigbio",2010-09-14,"98ce1950-9a4f-411a-9484-23fc8a1fd843"
"Helianthus resinosus",-84.6135341599,30.5797452854,"idigbio",1956-09-13,"992d08c7-4e55-4e09-bf58-b6a1336caac0"
"Helianthus resinosus",-84.766667,30.75,"idigbio",1979-09-25,"9c760904-26f2-43de-ace8-f3360d5cbaeb"
"Helianthus resinosus",-80.951389,34.974167,"idigbio",2015-06-15,"a003142a-59e3-4f4e-af7a-3f14bc87d125"
"Helianthus resinosus",-89.150042,31.209346,"idigbio",1972-06-25,"a4fd89d2-4715-41f5-98b1-5255f9f5581e"
"Helianthus resinosus",-85.2158868227,30.7958063705,"idigbio",1958-09-09,"ad3a2f06-8894-4603-8c57-8f973ee49b95"
"Helianthus resinosus",-85.2158868227,30.7958063705,"idigbio",1972-08-02,"af768df8-ced4-4aa1-9be9-da66612e35be"
"Helianthus resinosus",-87.444,32.89059,"idigbio",2015-07-03,"b4fb9a16-7f49-4953-b492-5c4f12e50f1b"
"Helianthus resinosus",-85.2158868227,30.7958063705,"idigbio",1960-07-29,"b80f2690-2389-482c-9009-4e12561f4d74"
"Helianthus resinosus",-30.3087,38.51677,"idigbio",2010-09-13,"bd438b9c-e312-41ad-b6dc-fb829d56ff3a"
"Helianthus resinosus",-89.5526172326,31.6324622381,"idigbio",1955-07-30,"c4222050-55ca-46fe-a2fe-8521687ce954"
"Helianthus resinosus",-87.94224,32.85517,"idigbio",2016-07-05,"caa572ec-42cf-44d0-b225-e1878bda8ead"
"Helianthus resinosus",-87.41922,32.92523,"idigbio",2015-06-19,"cb350393-3203-4b71-be7a-bb047d627804"
"Helianthus resinosus",-80.951389,34.974167,"idigbio",2015-06-15,"d0577535-0188-4644-925a-b92f8b0e8528"
"Helianthus resinosus",-85.2158868227,30.7958063705,"idigbio",1983-08-09,"d0742dc2-4967-4501-a759-4deaa49753bf"
"Helianthus resinosus",-81.431153,34.775877,"idigbio",2017-08-30,"d2ee3320-b8d5-4955-9230-53f87fd3baa9"
"Helianthus resinosus",-85.2158868227,30.7958063705,"idigbio",1958-09-09,"d3e36e6c-60a6-4b68-a619-62e7d624f4e5"
"Helianthus resinosus",-82.6647222,35.4411111,"idigbio",2015-08-23,"d6a2b151-b9b2-42c6-a4dd-32f96dafe66f"
"Helianthus resinosus",-86.6663889,31.8461111,"idigbio",NA,"d76f5b22-d6e9-43a6-a1b8-a4bb8ffcc502"
"Helianthus resinosus",-85.2158868227,30.7958063705,"idigbio",1955-08-29,"dcc4a700-a77d-4f8a-b8b3-9529445a9417"
"Helianthus resinosus",-87.30826928,31.9898993822,"idigbio",1968-08-21,"e556f0f5-4378-4ed7-8baf-1b03c9651ff4"
"Helianthus resinosus",-88.6407336482,32.7535436544,"idigbio",1977-06-18,"eb55e34b-ebd8-4ef4-96d0-e0ae3bc2f047"
"Helianthus resinosus",-88.761,33.8375,"idigbio",2004-09-18,"ed7423fa-5f9b-4f65-9c3a-8030e9927f28"
"Helianthus resinosus",-80.7076,33.7572,"idigbio",2001-10-10,"effc1adf-5c15-44d9-b6fd-f90500e1ecf2"
"Helianthus resinosus",-82.798188547,35.2024582208,"idigbio",1960-08-10,"f06c7596-9345-4136-9a0d-df072455ed6d"
"Helianthus resinosus",-88.849444,33.786111,"idigbio",2011-09-25,"f3018843-c3ca-483a-99af-e8546b470382"
"Helianthus resinosus",-88.53512,32.41188,"idigbio",2016-07-05,"f4b53464-7c2f-4ad0-a286-b37e1136e0b3"
"Helianthus resinosus",-85.2158868227,30.7958063705,"idigbio",1958-09-09,"f5e57622-e115-45fb-a244-6a2e2dc05f83"
"Helianthus resinosus",-78.878358,35.052664,"idigbio",1953-07-04,"f87565d1-5a6d-4c90-8255-111bec72bf3c"
"Helianthus resinosus",-37.389,17.433628,"idigbio",2002-08-06,"f9780b80-8203-4529-ac48-b634a3694ef7"
"Helianthus resinosus",-82.798188547,35.2024582208,"idigbio",1984-08-30,"fa6a369c-4b9d-44ed-94e7-4316d45d5ba4"
"Helianthus resinosus",-87.94224,32.85517,"idigbio",2016-07-05,"fe97a4af-e10e-49f8-9b19-b32980aa2997"
